member_id|first_name|last_name|gender|birth_dt|state
W000000001|Sebastian|Harris|M||CO
W000000002|Logan|Brown|M|19780922|PA
W000000004|Zoey|Lee|F|19730727|PA
W000000005|Aria|Garcia|F|19640727|VA
W000000006|Liam|Williams|M||VA
W000000007|James|Davis|M|19610916|MI
W000000008|Benjamin|Lee|M|19720817|FL
W000000009|Ella|Jackson|F|19630719|OH
W000000010|Elizabeth|Clark|F||CA
W000000011|Harper|Jackson|F|19790224|OH
W000000012|Mia|Lewis|F|19911214|MI
W000000013|Isabella|Lopez|F|19690106|IL
W000000014|Zoey|Rodriguez|F||NY
W000000015|Henry|Jackson|M|19691128|MI
W000000016|Jacob|Williams|M|19650902|CA
W000000017|Riley|Thomas|F|19820727|PA
W000000018|Evelyn|Martin|F||WA
W000000019|Sophia|Thomas|F|19660817|MI
W000000020|Abigail|Jones|F|19930918|
W000000021|Sofia|Lewis|F|19831008|TX
W000000022|William|Jones|M||WA
W000000023|Benjamin|Garcia|M|19690918|GA
W000000024|Sebastian|Jackson|M|19901220|NY
W000000025|Matthew|Sanchez|M|19680224|NC
W000000026|Chloe|Young|F||CA
W000000027|Daniel|Gonzalez|M|19771006|GA
W000000028|Oliver|Brown|M|19870116|GA
W000000029|Matthew|Thompson|M|19810504|OH
W000000030|Liam|Perez|M||OH
W000000031|Mia|Martinez|F|19720520|OH
W000000032|Sebastian|Harris|M|19880405|MI
W000000033|Aiden|Robinson|M|19910117|TX
W000000034|Aria|Anderson|F||TX
W000000035|Victoria|Miller|F|19630609|TX
W000000036|Amelia|Lewis|F|19730919|OH
W000000037|Aria|Ramirez|F|19770207|IL
W000000038|David|Sanchez|M||IL
W000000039|Daniel|Harris|M|19820619|CA
W000000040|Ella|Anderson|F|19940310|MI
W000000041|Sebastian|Smith|M|19730319|MA
W000000042|Ella|Wilson|F||CA
W000000043|David|Ramirez|M|19770227|NJ
W000000044|Sofia|Young|F|19621207|PA
W000000045|Chloe|Lopez|F|19720812|OH
W000000046|Victoria|Jackson|F||GA
W000000047|Henry|Jones|M|19821225|PA
W000000048|Aria|Williams|F|19741205|GA
W000000049|Chloe|Martin|F|19620424|WA
W000000050|Mia|White|F||AZ
W000000051|Amelia|Rodriguez|F|19700803|CO
W000000052|Harper|Robinson|F|19890518|GA
W000000054|Olivia|Miller|F|19720209|FL
W000000055|Charlotte|Young|F||AZ
W000000056|Avery|Smith|F|19731212|VA
W000000057|Benjamin|Martin|M|19710814|CO
W000000058|Carter|Lee|M|19800816|CO
W000000059|Sebastian|Thomas|M||CO
W000000060|Sophia|Davis|F|19790724|MI
W000000061|Aiden|Johnson|M|19881221|GA
W000000062|Elizabeth|Martin|F|19840117|GA
W000000063|Matthew|Taylor|M||IL
W000000064|Henry|Thomas|M|19771122|IL
W000000065|Ella|Martin|F|19941022|PA
W000000066|Nora|Wilson|F|19730616|PA
W000000067|Sebastian|Harris|M||WA
W000000068|Aria|Brown|F|19711111|OH
W000000069|Carter|Lewis|M|19740609|NC
W000000070|Jackson|Gonzalez|M|19940417|AZ
W000000071|Avery|Hernandez|F||
W000000072|Joseph|Jones|M|19871028|WA
W000000073|David|Rodriguez|M|19730609|NY
W000000074|Elijah|Young|M|19621203|MI
W000000075|Riley|Thomas|F||NY
W000000076|Noah|Anderson|M|19711120|NY
W000000077|Lucas|Lopez|M|19640319|MI
W000000078|Nora|Thompson|F|19880704|WA
W000000079|Logan|Walker|M||OH
W000000080|William|Jackson|M|19931208|OH
W000000081|Chloe|Martin|F|19930921|WA
W000000082|Zoey|Smith|F|19880721|GA
W000000083|Benjamin|Miller|M||GA
W000000084|Nora|Ramirez|F|19621218|PA
W000000085|Jacob|Thomas|M|19730328|NC
W000000086|Harper|Wilson|F|19601102|WA
W000000087|Ella|Perez|F||NJ
W000000088|Sofia|Lopez|F|19850107|CO
W000000089|Lucas|Jackson|M|19901003|MI
W000000090|Grace|Martinez|F|19720122|MI
W000000091|Oliver|Johnson|M||AZ
W000000092|Chloe|Hernandez|F|19681226|CA
W000000093|Oliver|Gonzalez|M|19690607|MI
W000000094|Ella|Lee|F|19710920|NY
W000000095|Nora|Brown|F||GA
W000000096|Charlotte|Martinez|F|19681124|GA
W000000097|Sebastian|Gonzalez|M|19890422|CO
W000000098|Alexander|Taylor|M|19850323|TX
W000000099|Jacob|Moore|M||CO
W000000101|Sofia|Thompson|F|19690716|FL
W000000102|Grace|Gonzalez|F|19600112|FL
W000000103|Aria|Miller|F|19670608|WA
W000000104|Mia|Perez|F||MA
W000000105|Matthew|Lee|M|19630724|FL
W000000106|Matthew|Rodriguez|M|19670507|MA
W000000107|Sophia|Jones|F|19721206|AZ
W000000108|Scarlett|Perez|F||NY
W000000109|Charlotte|Taylor|F|19770318|MA
W000000110|Alexander|Rodriguez|M|19870201|OH
W000000111|Mia|Garcia|F|19871209|MI
W000000112|Ethan|Gonzalez|M||CO
W000000113|Matthew|Rodriguez|M|19720710|FL
W000000114|Jacob|Moore|M|19880216|OH
W000000115|Sofia|Smith|F|19890507|
W000000116|Evelyn|Williams|F||WA
W000000117|Grace|Davis|F|19920528|CO
W000000118|Liam|Moore|M|19920221|IL
W000000119|Matthew|Jackson|M|19700922|MI
W000000120|Emily|Jackson|F||MI
W000000121|Isabella|Johnson|F|19781123|FL
W000000122|Amelia|Martin|F|19920427|OH
W000000123|Matthew|Walker|M|19800727|OH
W000000124|Scarlett|Young|F||MA
W000000126|Aria|Thomas|F|19640507|MI
W000000127|Oliver|Jones|M|19751006|NC
W000000128|Jackson|Clark|M|19661108|MA
W000000129|Liam|Brown|M||AZ
W000000130|James|Rodriguez|M|19920922|NC
W000000131|Isabella|Hernandez|F|19881110|IL
W000000132|Charlotte|Hernandez|F|19900808|CA
W000000133|Charlotte|Lee|F||FL
W000000134|Isabella|White|F|19890412|CA
W000000135|Sebastian|Lewis|M|19910320|CO
W000000136|Ava|Hernandez|F|19620710|NY
W000000137|Harper|Perez|F||CO
W000000138|Lucas|Thompson|M|19860210|GA
W000000139|Lucas|Clark|M|19870609|IL
W000000140|Logan|Rodriguez|M|19900923|PA
W000000141|Riley|Lewis|F||OH
W000000142|Daniel|Jones|M|19600420|FL
W000000143|Michael|Anderson|M|19810611|OH
W000000144|Emily|Jackson|F|19601211|NY
W000000145|Nora|Wilson|F||NC
W000000146|Ella|Hernandez|F|19720512|WA
W000000147|Alexander|Wilson|M|19800321|TX
W000000148|Sebastian|Lewis|M|19610413|PA
W000000149|Michael|Jones|M||TX
W000000150|Abigail|Thomas|F|19930106|MI
W000000151|Harper|Garcia|F|19790409|AZ
W000000152|Mia|Davis|F|19810715|NC
W000000153|Samuel|Jackson|M||OH
W000000154|Aiden|Clark|M|19680508|WA
W000000155|Noah|Young|M|19611012|MA
W000000156|Emma|Hernandez|F|19860211|GA
W000000157|Logan|Harris|M||MI
W000000158|Chloe|Lewis|F|19800306|WA
W000000159|Emma|Harris|F|19830903|NC
W000000160|Amelia|Thomas|F|19640507|MI
W000000161|David|Robinson|M||VA
W000000162|Scarlett|Perez|F|19670909|VA
W000000163|Ethan|White|M|19730503|PA
W000000164|Scarlett|Miller|F|19710715|CO
W000000165|Scarlett|Clark|F||VA
W000000166|Amelia|Brown|F|19671218|FL
W000000167|Mason|Miller|M|19860408|VA
W000000168|Logan|Lee|M|19650602|NC
W000000169|Abigail|Moore|F||CO
W000000170|Grace|Williams|F|19770226|CA
W000000171|Ella|Wilson|F|19621027|VA
W000000172|Jacob|Gonzalez|M|19750518|OH
W000000173|Grace|Young|F||MI
W000000174|Logan|Thomas|M|19770505|IL
W000000175|Victoria|Thomas|F|19770813|TX
W000000176|Evelyn|Miller|F|19740909|NC
W000000177|Carter|Garcia|M||CO
W000000178|Harper|Williams|F|19730428|OH
W000000179|Carter|Lewis|M|19681106|MI
W000000180|Victoria|Jones|F|19711224|NJ
W000000181|Scarlett|Harris|F||NC
W000000182|Sebastian|Williams|M|19750911|PA
W000000183|Daniel|Harris|M|19850112|TX
W000000184|Isabella|Harris|F|19910707|OH
W000000185|Benjamin|Jackson|M||MA
W000000186|Riley|Sanchez|F|19780720|PA
W000000187|Abigail|Robinson|F|19880604|AZ
W000000188|Liam|Clark|M|19880802|FL
W000000189|Zoey|Harris|F||NY
W000000190|Ava|Sanchez|F|19910217|CO
W000000191|Liam|Jackson|M|19900909|PA
W000000192|Charlotte|Moore|F|19921104|TX
W000000193|Elijah|Brown|M||AZ
W000000194|Logan|Williams|M|19690618|AZ
W000000195|Zoey|Davis|F|19701128|FL
W000000196|Aria|Moore|F|19821002|MA
W000000197|Sebastian|Rodriguez|M||OH
W000000198|Riley|Williams|F|19760128|FL
W000000199|Sophia|Clark|F|19940227|VA
W000000200|Henry|Harris|M|19801206|NY
W000000201|Matthew|Jones|M||AZ
W000000202|Carter|Miller|M|19750610|TX
W000000203|Logan|Walker|M|19740112|NJ
W000000204|Jackson|Harris|M|19790215|NY
W000000205|William|Taylor|M||MA
W000000206|Sofia|Anderson|F|19860612|WA
W000000207|Evelyn|Martinez|F|19700223|VA
W000000208|Samuel|Walker|M|19770515|IL
W000000209|Joseph|Jackson|M||OH
W000000210|Matthew|Moore|M|19710707|MI
W000000211|Mason|Williams|M|19720721|CO
W000000212|Noah|Gonzalez|M|19851012|VA
W000000213|Elizabeth|Brown|F||WA
W000000214|Sofia|White|F|19930722|AZ
W000000215|David|Brown|M|19610928|WA
W000000217|Aria|Martinez|F|19930909|FL
W000000218|Charlotte|Lopez|F||VA
W000000219|Jackson|Ramirez|M|19660210|TX
W000000220|Harper|Jackson|F|19710325|FL
W000000221|Aria|Thompson|F|19920301|CA
W000000222|Ava|Williams|F||MA
W000000223|Lucas|Gonzalez|M|19660904|CA
W000000224|Aria|Miller|F|19740818|MA
W000000225|Aiden|Ramirez|M|19720528|FL
W000000226|Grace|Thompson|F||GA
W000000227|Oliver|Sanchez|M|19730610|CA
W000000228|Elizabeth|Clark|F|19760228|WA
W000000229|Aiden|Garcia|M|19641223|AZ
W000000230|Sebastian|Smith|M||GA
W000000231|Ethan|White|M|19640910|NY
W000000232|Chloe|Johnson|F|19801020|PA
W000000233|Zoey|Sanchez|F|19630507|NY
W000000234|Jacob|Ramirez|M||NJ
W000000235|Liam|Garcia|M|19600707|AZ
W000000236|Ava|Ramirez|F|19680522|NY
W000000237|Sofia|Martin|F|19830223|FL
W000000238|William|Wilson|M||MA
W000000239|William|Smith|M|19661117|OH
W000000240|Mason|Williams|M|19630315|NC
W000000241|Oliver|Lopez|M|19650707|CA
W000000242|Mia|Jones|F||CA
W000000243|Noah|Robinson|M|19740908|CO
W000000244|Aiden|Taylor|M|19780609|MI
W000000245|Nora|Perez|F|19910211|CO
W000000246|Ava|Gonzalez|F||CO
W000000247|Ethan|Harris|M|19850615|FL
W000000248|Liam|Lopez|M|19640706|NC
W000000249|Benjamin|Taylor|M|19750527|IL
W000000250|Ava|Garcia|F||NY
W000000251|Nora|Gonzalez|F|19871112|TX
W000000252|Noah|Miller|M|19760314|
W000000253|Elijah|Robinson|M|19650419|FL
W000000254|Aiden|Thompson|M||MA
W000000255|Nora|Brown|F|19911203|OH
W000000256|Logan|Perez|M|19721020|CO
W000000257|Emily|Smith|F|19820107|MI
W000000258|Sebastian|Martinez|M||CO
W000000259|Ella|Lopez|F|19781225|NC
W000000260|Elijah|Thompson|M|19910519|MI
W000000261|David|Robinson|M|19780303|PA
W000000262|Riley|Anderson|F||NJ
W000000263|Avery|Sanchez|F|19640214|MA
W000000264|Emma|Thompson|F|19730622|CO
W000000265|Sophia|Jackson|F|19850627|NJ
W000000266|Victoria|Gonzalez|F||TX
W000000267|Avery|Thompson|F|19750603|PA
W000000268|Aria|Rodriguez|F|19630227|NJ
W000000269|Zoey|Smith|F|19750226|CO
W000000270|Evelyn|Ramirez|F||IL
W000000271|Samuel|Brown|M|19760305|PA
W000000272|Aria|Walker|F|19670318|PA
W000000273|Benjamin|White|M|19761002|OH
W000000274|Harper|Jackson|F||MI
W000000275|David|Brown|M|19781105|AZ
W000000276|Ethan|White|M|19841103|NC
W000000277|David|Garcia|M|19910422|GA
W000000278|Isabella|Ramirez|F||
W000000279|Henry|Thompson|M|19670717|MA
W000000280|Emma|Martinez|F|19880617|IL
W000000281|James|Moore|M|19690407|AZ
W000000282|Liam|Walker|M||FL
W000000283|Harper|Lewis|F|19780201|NJ
W000000284|Alexander|Robinson|M|19780706|
W000000285|Oliver|Davis|M|19820913|NY
W000000286|Charlotte|Thomas|F||CO
W000000287|David|Martin|M|19920320|AZ
W000000288|Noah|Davis|M|19930801|NC
W000000289|Sofia|Martin|F|19870327|AZ
W000000290|Benjamin|Taylor|M||
W000000291|Sophia|Martin|F|19700126|OH
W000000292|Mia|Williams|F|19651009|CA
W000000293|Zoey|Gonzalez|F|19930111|NJ
W000000294|Elizabeth|Davis|F||AZ
W000000296|Sofia|White|F|19601022|PA
W000000297|Joseph|Walker|M|19630601|NY
W000000298|Sofia|White|F|19800101|
W000000299|Noah|Martin|M||VA
W000000300|Sofia|Jackson|F|19920114|TX
W000000301|Henry|Jones|M|19650411|OH
W000000302|Scarlett|Young|F|19620715|PA
W000000303|Samuel|Wilson|M||MI
W000000304|Logan|Walker|M|19931112|MI
W000000305|Sofia|Smith|F|19640405|IL
W000000306|Harper|Gonzalez|F|19620120|GA
W000000307|Alexander|Miller|M||IL
W000000308|Logan|Lewis|M|19630124|AZ
W000000309|Victoria|Martinez|F|19700604|GA
W000000310|Riley|Jackson|F|19801022|TX
W000000311|Mia|Smith|F||PA
W000000312|Emily|Lewis|F|19850905|VA
W000000313|Benjamin|Taylor|M|19911114|NC
W000000314|Sofia|Martin|F|19910218|TX
W000000315|Jacob|White|M||MA
W000000316|Noah|Anderson|M|19660325|VA
W000000317|Emily|Harris|F|19630726|CA
W000000318|Elizabeth|Davis|F|19900221|FL
W000000319|Grace|Robinson|F||FL
W000000320|Sebastian|Brown|M|19610625|VA
W000000321|Ethan|Young|M|19771201|FL
W000000322|Olivia|Rodriguez|F|19741114|MI
W000000323|Michael|Brown|M||PA
W000000324|Amelia|Brown|F|19700116|WA
W000000325|David|Perez|M|19940608|NJ
W000000326|Emma|Davis|F|19920228|OH
W000000327|Benjamin|Hernandez|M||NY
W000000328|Harper|Rodriguez|F|19900516|CA
W000000329|Scarlett|Robinson|F|19841010|AZ
W000000330|Daniel|White|M|19690521|VA
W000000331|Benjamin|Jackson|M||GA
W000000332|Zoey|Lewis|F|19701122|TX
W000000333|Zoey|Martinez|F|19760503|FL
W000000334|Isabella|Martin|F|19771121|NY
W000000335|Charlotte|Lee|F||WA
W000000336|Scarlett|Young|F|19730316|FL
W000000337|William|Jones|M|19821219|NY
W000000338|Riley|Martinez|F|19810928|PA
W000000339|Liam|Brown|M||NJ
W000000340|Olivia|Taylor|F|19730426|CA
W000000341|Abigail|Young|F|19690523|IL
W000000342|Emma|Gonzalez|F|19940225|PA
W000000343|David|Moore|M||PA
W000000344|Ava|Williams|F|19771010|NJ
W000000345|Riley|Wilson|F|19710215|GA
W000000346|Olivia|Clark|F|19780508|WA
W000000347|Benjamin|White|M||CA
W000000348|Michael|Ramirez|M|19621106|CO
W000000349|Sofia|Rodriguez|F|19920806|VA
W000000350|Jackson|Young|M|19940409|IL
W000000351|Sofia|Jones|F||NC
W000000352|Harper|Williams|F|19710926|
W000000353|William|Thomas|M|19901020|WA
W000000354|Evelyn|Taylor|F|19790527|MA
W000000355|Mason|Smith|M||FL
W000000356|Isabella|Rodriguez|F|19940701|PA
W000000357|Michael|Sanchez|M|19940707|TX
W000000358|Logan|Walker|M|19740219|CO
W000000359|Noah|Williams|M||WA
W000000360|Evelyn|Miller|F|19801028|PA
W000000361|Alexander|Moore|M|19881102|NY
W000000362|Chloe|Hernandez|F|19710327|CA
W000000363|Ethan|Robinson|M||NC
W000000364|Michael|Thompson|M|19601119|AZ
W000000365|Sofia|Ramirez|F|19611020|WA
W000000366|Lucas|Davis|M|19910918|GA
W000000367|Joseph|Lopez|M||OH
W000000368|Mia|Lee|F|19670107|MI
W000000369|Emma|Perez|F|19690818|VA
W000000370|Samuel|Young|M|19920418|AZ
W000000371|Ella|Miller|F||CA
W000000372|Aiden|Perez|M|19910727|NC
W000000373|Isabella|Rodriguez|F|19730623|WA
W000000374|Henry|Lewis|M|19770205|WA
W000000375|Amelia|Jackson|F||NY
W000000376|Aiden|Johnson|M|19600127|VA
W000000377|Chloe|Miller|F|19620322|MI
W000000378|Amelia|Martinez|F|19730426|NC
W000000379|Henry|Harris|M||CA
W000000380|Zoey|Martinez|F|19750201|WA
W000000381|Oliver|Harris|M|19851001|NJ
W000000382|Joseph|Thomas|M|19720327|IL
W000000383|Benjamin|Jones|M||OH
W000000384|Lucas|Clark|M|19770720|CO
W000000385|Aiden|Brown|M|19760222|AZ
W000000386|Victoria|Wilson|F|19720804|MI
W000000387|Victoria|Wilson|F||
W000000388|Henry|Lopez|M|19761211|NJ
W000000389|Jacob|Wilson|M|19670418|NJ
W000000390|Jackson|Rodriguez|M|19810417|GA
W000000391|Elijah|Hernandez|M||OH
W000000392|Avery|Smith|F|19910203|MA
W000000393|Olivia|Lopez|F|19850826|
W000000394|Olivia|Lopez|F|19860702|MI
W000000395|Lucas|Robinson|M||PA
W000000396|Samuel|Smith|M|19791122|WA
W000000397|Samuel|Miller|M|19930405|FL
W000000398|Grace|Lewis|F|19910818|CA
W000000399|James|Rodriguez|M||GA
W000000400|Harper|Davis|F|19910621|TX
W000000401|Liam|Miller|M|20050404|PA
W000000402|Scarlett|Lewis|F|20060215|MI
W000000403|David|Smith|M||MA
W000000404|Sofia|Lee|F|19750620|PA
W000000405|Zoey|Anderson|F|19761225|TX
W000000406|Chloe|Thomas|F|20010810|TX
W000000407|William|Thomas|M||CO
W000000408|Harper|Harris|F|20020427|NY
W000000409|Michael|Walker|M|20130810|IL
W000000410|Elizabeth|Williams|F|20010927|
W000000411|Ava|Thompson|F||
W000000412|Riley|Brown|F|20061126|PA
W000000413|Abigail|Thomas|F|19650114|PA
W000000414|Sofia|Johnson|F|19770705|AZ
W000000415|Emily|Davis|F||FL
W000000416|Sebastian|Robinson|M|20100408|FL
W000000417|William|Gonzalez|M|20010618|AZ
W000000418|Emma|Garcia|F|19840726|NY
W000000419|Jackson|Smith|M||OH
W000000420|Avery|Anderson|F|19810412|TX
W000000421|Aiden|Perez|M|20210301|NY
W000000422|Evelyn|Miller|F|19700323|FL
W000000423|Charlotte|White|F||NY
W000000424|Liam|Gonzalez|M|20110109|
W000000425|Liam|Williams|M|20190716|PA
W000000426|Victoria|Martin|F|20180719|PA
W000000427|Alexander|Lewis|M||
W000000428|Scarlett|Clark|F|20061201|VA
W000000429|Oliver|Gonzalez|M|20080708|CO
W000000430|Avery|Anderson|F|19830402|WA
W000000431|Mason|Taylor|M||IL
W000000432|Ella|Gonzalez|F|20110325|PA
W000000433|Lucas|Jackson|M|20081204|PA
W000000434|Chloe|Robinson|F|20070711|FL
W000000435|Michael|Davis|M||AZ
W000000436|James|Williams|M|20140713|PA
W000000437|Zoey|Miller|F|20100910|NC
W000000438|Benjamin|Martinez|M|20010503|FL
W000000439|Abigail|Brown|F||AZ
W000000440|Liam|Jones|M|20050401|NC
W000000441|James|Williams|M|20140109|MA
W000000442|Daniel|Williams|M|19940114|CA
W000000443|Victoria|Miller|F||IL
W000000444|David|Lewis|M|20201216|MI
W000000445|Sofia|Brown|F|20101222|VA
W000000446|Riley|Brown|F|20190611|GA
W000000447|Amelia|Lewis|F||CA
W000000448|Elizabeth|Davis|F|19931109|NY
W000000449|Jacob|Thomas|M|19680108|CO
W000000450|David|Smith|M|19930811|VA
W000000451|Riley|Ramirez|F||IL
W000000452|Ethan|Harris|M|19710311|MI
W000000453|Avery|Rodriguez|F|20080819|NJ
W000000454|Evelyn|Martin|F|20040324|TX
W000000455|Mason|Garcia|M||MI
W000000456|Evelyn|Jackson|F|20000917|OH
W000000457|Isabella|Jackson|F|20070412|NY
W000000458|Emily|White|F|19681116|VA
W000000459|Ella|White|F||CA
W000000460|Ella|Lewis|F|20100606|OH
W000000461|Chloe|White|F|20041224|VA
W000000462|Elizabeth|Martin|F|20200726|PA
W000000463|Aria|Robinson|F||FL
W000000464|Sofia|Harris|F|19900310|CA
W000000465|Emily|Jackson|F|20200617|NJ
W000000466|Henry|Thomas|M|20170910|IL
W000000467|Sofia|Davis|F||FL
W000000468|Elijah|Brown|M|20040701|FL
W000000469|Alexander|Young|M|19810117|AZ
W000000470|Noah|Taylor|M|20100503|MA
W000000471|Emily|Perez|F||CO
W000000472|Ethan|Clark|M|20080617|
W000000473|Nora|Taylor|F|20021212|IL
W000000474|Sebastian|Ramirez|M|20191201|NJ
W000000475|Ava|Miller|F||MI
W000000476|Samuel|Smith|M|20190206|WA
W000000477|Benjamin|Hernandez|M|20200917|NY
W000000478|Daniel|Williams|M|19930709|OH
W000000479|Avery|Thomas|F||MI
W000000480|Abigail|Martinez|F|20121112|CO
W000000481|Chloe|Smith|F|20201125|MA
W000000483|Liam|Robinson|M|20030511|FL
W000000484|Carter|Jackson|M||OH
W000000485|Jacob|Smith|M|19660918|
W000000486|Ava|Hernandez|F|20210807|CA
W000000487|Ava|Jackson|F|20020113|NY
W000000488|Oliver|Perez|M||CO
W000000489|Zoey|Jones|F|20070806|NJ
W000000490|Matthew|Harris|M|20041119|NC
W000000491|Ava|Harris|F|20070526|NJ
W000000492|Scarlett|Davis|F||FL
W000000493|Oliver|Jones|M|20050620|NY
W000000494|Sebastian|Martin|M|20030112|OH
W000000495|Victoria|Thomas|F|20130227|
W000000496|Mason|Rodriguez|M||CO
W000000497|Isabella|Jackson|F|19680820|GA
W000000498|Amelia|Davis|F|20110416|FL
W000000499|Charlotte|Robinson|F|20160920|PA
W000000500|Olivia|Perez|F||NJ
W000000501|Logan|Lewis|M|20081206|WA
W000000502|Henry|Ramirez|M|19850421|PA
W000000503|Lucas|Lopez|M|19721227|IL
W000000504|Evelyn|Gonzalez|F||OH
W000000505|Jacob|Garcia|M|20171014|VA
W000000506|Riley|Lopez|F|20010422|IL
W000000507|Michael|Perez|M|19911002|NJ
W000000508|Charlotte|Gonzalez|F||CO
W000000509|William|Brown|M|20190214|PA
W000000510|Ethan|Lee|M|20100307|WA
W000000511|Carter|Thompson|M|19800515|GA
W000000512|Avery|Jackson|F||OH
W000000513|Logan|Thompson|M|20020925|GA
W000000514|James|White|M|20140324|
W000000515|Jacob|Smith|M|20110501|FL
W000000516|William|Jackson|M||NY
W000000517|Riley|Young|F|20180312|MA
W000000518|James|Rodriguez|M|19930703|OH
W000000519|Elizabeth|Rodriguez|F|20050902|CA
W000000520|Sophia|Hernandez|F||NY
W000000521|Oliver|Robinson|M|20080505|CO
W000000522|Sofia|Smith|F|19940226|AZ
W000000523|Avery|Davis|F|20170617|FL
W000000524|Zoey|Perez|F||VA
W000000525|Abigail|Williams|F|19660903|CA
W000000526|Aiden|White|M|20170912|
W000000527|Logan|Rodriguez|M|19930626|NC
W000000528|Jacob|Jones|M||OH
W000000529|Mia|Jackson|F|19970105|GA
W000000530|William|Lopez|M|20091004|OH
W000000531|Evelyn|Lopez|F|19850716|VA
W000000532|Amelia|Jones|F||TX
W000000533|Chloe|Williams|F|20160613|WA
W000000534|Liam|Rodriguez|M|20210505|NY
W000000535|Carter|Smith|M|20031220|AZ
W000000536|Evelyn|Martin|F||OH
W000000537|Scarlett|Young|F|20121109|AZ
W000000538|Ava|Rodriguez|F|20060322|CA
W000000539|Ethan|Moore|M|20150411|NY
W000000540|Liam|Thomas|M||NY
W000000541|Samuel|Smith|M|19790115|OH
W000000542|Aiden|Lopez|M|20200203|NJ
W000000543|Jacob|White|M|20131217|PA
W000000544|Elijah|Jones|M||NY
W000000545|Jackson|Jackson|M|20211209|NY
W000000546|Chloe|Robinson|F|19790612|FL
W000000547|Scarlett|Davis|F|19670505|MI
W000000548|Michael|Perez|M||CO
W000000549|Riley|Lewis|F|19801005|OH
W000000550|Zoey|Wilson|F|20010217|MI
W000000551|Benjamin|Williams|M|20120324|CA
W000000552|Sebastian|Gonzalez|M||NJ
W000000553|Emily|Thomas|F|20111015|IL
W000000554|Sofia|White|F|20141228|AZ
W000000555|Scarlett|Lopez|F|19760814|OH
W000000556|Ethan|Lewis|M||WA
W000000557|Emma|Lopez|F|19870426|NC
W000000558|Aria|Martin|F|20090907|VA
W000000559|Sebastian|Young|M|20051114|
W000000560|Carter|Jackson|M||OH
W000000561|Zoey|Thomas|F|20090624|IL
W000000562|Victoria|Gonzalez|F|20141013|CO
W000000563|Noah|Wilson|M|20050119|PA
W000000564|Ethan|Wilson|M||MI
W000000565|Victoria|Young|F|20110210|MI
W000000566|Liam|Jackson|M|19830506|TX
W000000567|Charlotte|Martin|F|20020112|WA
W000000568|Chloe|Martinez|F||GA
W000000569|Michael|White|M|20010405|MA
W000000570|Zoey|Robinson|F|19710802|FL
W000000571|Aiden|Jackson|M|19880103|MI
W000000572|Emma|Gonzalez|F||CO
W000000573|Daniel|Smith|M|19780527|OH
W000000574|Olivia|Harris|F|20110522|MI
W000000575|Emily|Johnson|F|20210224|AZ
W000000576|Henry|Perez|M||NJ
W000000577|Charlotte|Brown|F|19890708|WA
W000000578|Sophia|Miller|F|19700527|FL
W000000579|Harper|Harris|F|19910908|NJ
W000000580|Oliver|Robinson|M||CO
W000000581|Nora|Young|F|19790125|FL
W000000582|Elijah|Wilson|M|20010921|WA
W000000583|Lucas|Jackson|M|19830203|MI
W000000584|Aria|Jackson|F||PA
W000000585|Evelyn|Lewis|F|20211215|WA
W000000586|Mia|Jones|F|20031222|WA
W000000587|Joseph|Clark|M|19940405|WA
W000000588|Jacob|Harris|M||CO
W000000589|Emily|Williams|F|20070914|WA
W000000590|Ava|Martinez|F|20030518|WA
W000000591|Sebastian|Smith|M|20170702|PA
W000000592|Grace|Robinson|F||FL
W000000593|Emily|Lopez|F|20150802|MI
W000000594|Alexander|Brown|M|20200506|WA
W000000595|Michael|Young|M|20200318|FL
W000000596|Liam|Jones|M||FL
W000000597|Charlotte|Jackson|F|20101223|OH
W000000598|Chloe|Harris|F|20030426|FL
W000000599|Daniel|Robinson|M|19851116|PA
W000000600|Daniel|Gonzalez|M||CO
W000000601|Noah|Rodriguez|M|20031016|NC
W000000602|Evelyn|Thompson|F|20200617|GA
W000000603|Zoey|Moore|F|20041209|TX
W000000604|Riley|Lewis|F||NJ
W000000605|Harper|Anderson|F|20070504|MI
W000000606|Ethan|White|M|19760404|PA
W000000607|Victoria|Jackson|F|20040319|
W000000608|Sebastian|Lee|M||MI
W000000609|Benjamin|Rodriguez|M|20200123|OH
W000000610|Noah|Anderson|M|20100903|
W000000611|Nora|Smith|F|20140713|MA
W000000613|Avery|Harris|F||FL
W000000614|Carter|White|M|19941220|
W000000615|Amelia|Martinez|F|20151112|VA
W000000616|Riley|Thompson|F|20011008|GA
W000000617|Evelyn|Williams|F||CA
W000000618|Amelia|Ramirez|F|19970511|PA
W000000619|Ethan|Jackson|M|20041106|TX
W000000620|Sebastian|Gonzalez|M|19940525|
W000000621|Isabella|Thomas|F||MI
W000000622|Noah|Robinson|M|20000217|PA
W000000623|Elijah|Brown|M|20110322|PA
W000000624|Elizabeth|Gonzalez|F|19860815|AZ
W000000625|Zoey|Thomas|F||PA
W000000626|Ella|Lopez|F|19950508|MI
W000000627|Ella|Moore|F|20170316|CO
W000000628|Elijah|Jones|M|20120619|PA
W000000629|Elijah|Sanchez|M||IL
W000000630|Benjamin|Young|M|20070404|MA
W000000631|Evelyn|Robinson|F|20050620|FL
W000000632|Oliver|Clark|M|20110410|VA
W000000633|Jacob|Smith|M||OH
W000000634|Sofia|Thomas|F|19710601|MI
W000000635|Elijah|Johnson|M|20180110|AZ
W000000636|Jacob|Brown|M|19930617|
W000000637|Chloe|Sanchez|F||PA
W000000638|Samuel|Jones|M|19861226|FL
W000000639|Grace|Hernandez|F|20030315|VA
W000000640|Jacob|Davis|M|20140325|MI
W000000641|James|Wilson|M||PA
W000000642|Jacob|Wilson|M|20090525|NC
W000000643|Samuel|Harris|M|20100128|MI
W000000644|Jacob|Harris|M|20030117|FL
W000000645|Harper|Martin|F||OH
W000000646|Abigail|Thompson|F|20010718|MA
W000000647|Victoria|Young|F|19930311|MA
W000000648|Sebastian|Wilson|M|19910123|MA
W000000649|Matthew|Davis|M||OH
W000000650|Amelia|Davis|F|19840504|AZ
W000000651|Henry|Gonzalez|M|20190228|NJ
W000000652|Elijah|Davis|M|20051017|MI
W000000654|Evelyn|Miller|F||OH
W000000655|Mason|Hernandez|M|20040913|CA
W000000656|Jackson|Anderson|M|20160713|NJ
W000000657|Noah|Harris|M|20060813|NY
W000000658|Sofia|Young|F||PA
W000000659|Oliver|Walker|M|19900321|MI
W000000660|Riley|Brown|F|20201201|PA
W000000661|Avery|Brown|F|19680208|
W000000662|Charlotte|Jones|F||OH
W000000663|Jackson|Lee|M|20161112|FL
W000000664|Daniel|Brown|M|20120818|GA
W000000665|Avery|Lewis|F|20020805|VA
W000000666|Elijah|Davis|M||MI
W000000667|David|Rodriguez|M|20061121|GA
W000000668|Olivia|Ramirez|F|20181003|NJ
W000000669|Michael|Clark|M|19730125|CA
W000000670|Elijah|Moore|M||NY
W000000671|Benjamin|Gonzalez|M|20140910|GA
W000000672|Abigail|Robinson|F|19731028|AZ
W000000673|Avery|Rodriguez|F|20170527|MA
W000000674|Jackson|Martin|M||WA
W000000675|Noah|Lee|M|20131204|MI
W000000676|Matthew|Williams|M|20070326|CO
W000000677|Abigail|Brown|F|20000627|MI
W000000678|Henry|Wilson|M||NJ
W000000679|Mia|Miller|F|19671019|WA
W000000680|Isabella|Martin|F|20191024|AZ
W000000681|Elizabeth|Williams|F|19811119|CA
W000000682|Logan|Davis|M||MI
W000000683|Ava|Davis|F|20000414|CO
W000000684|Olivia|Robinson|F|20020821|NC
W000000686|Ella|Robinson|F|19740207|PA
W000000687|Charlotte|Rodriguez|F||NY
W000000688|Zoey|Miller|F|20191008|TX
W000000689|Daniel|Taylor|M|19750828|MA
W000000690|Jacob|Brown|M|20020110|AZ
W000000691|Liam|Martin|M||WA
W000000692|Mason|Robinson|M|20180407|GA
W000000693|Ella|Lewis|F|20011109|CO
W000000694|Riley|Miller|F|19660410|OH
W000000695|Jackson|Robinson|M||FL
W000000697|David|Taylor|M|20010911|NC
W000000698|Chloe|Taylor|F|19650302|IL
W000000699|Oliver|Rodriguez|M|20091013|GA
W000000700|Noah|Martinez|M||MI
